{
  "baseline": {
    "accuracy": 0.9659192825112107,
    "precision": 1.0,
    "recall": 0.7449664429530202,
    "f1": 0.8538461538461538,
    "features": 5000
  },
  "optimized": {
    "accuracy": 0.9713004484304932,
    "precision": 0.9398496240601504,
    "recall": 0.8389261744966443,
    "f1": 0.8865248226950354,
    "features": 1000
  }
}